ticker,date,volumn,total_amount,open,high,low,close,spread,turnover
2454,2020-01-02,6237434,2758621262,445.0,446.0,440.5,441.5,-2.0,4171
2454,2020-01-03,12375266,5364928476,445.0,445.5,423.0,434.5,-7.0,9265
2454,2020-01-06,8520516,3632830840,428.0,431.5,424.0,424.0,-10.5,6039
2454,2020-01-07,11707155,4982703572,428.0,431.0,418.0,426.0,2.0,7952
2454,2020-01-08,9695448,4178143323,426.0,436.5,424.0,430.5,4.5,6606
2454,2020-01-09,7061194,3077279278,435.0,439.0,432.5,437.0,6.5,4873
2454,2020-01-10,7882248,3401903337,439.5,441.0,426.0,432.0,-5.0,5974
2454,2020-01-13,10239998,4358608124,432.0,435.0,422.0,422.0,-10.0,8127
2454,2020-01-14,19437055,8113096100,422.5,424.5,412.5,416.0,-6.0,12927
2454,2020-01-15,26086092,10741727720,409.0,419.0,406.5,416.0,0.0,17129
2454,2020-01-16,13075722,5495435494,419.0,423.5,415.0,421.0,5.0,8603
2454,2020-01-17,8818316,3724242970,428.0,428.0,418.5,420.5,-0.5,5956
2454,2020-01-20,6172773,2590427739,421.0,422.0,417.0,419.0,-1.5,4178
2454,2020-01-30,22330256,8733286560,400.0,400.5,382.5,383.5,-35.5,14587
2454,2020-01-31,10439123,4053010283,385.0,393.0,382.0,388.0,4.5,6604
2454,2020-02-03,10641830,4039690053,376.5,387.0,373.0,382.0,-6.0,6696
2454,2020-02-04,9511276,3714645692,384.0,396.5,384.0,390.5,8.5,6475
2454,2020-02-05,16355382,6272530188,390.5,390.5,378.5,381.0,-9.5,11107
2454,2020-02-06,10507866,4040943705,381.0,390.5,380.0,382.0,1.0,7266
2454,2020-02-07,10226510,3905283810,380.5,385.5,379.0,381.0,-1.0,6890
2454,2020-02-10,11049172,4211632204,377.5,386.5,375.0,380.0,-1.0,7215
2454,2020-02-11,11384133,4418605620,382.0,391.5,382.0,390.0,10.0,7917
2454,2020-02-12,13600808,5440307816,398.0,403.5,395.0,401.5,11.5,8503
2454,2020-02-13,15526270,6348760210,408.5,412.0,406.5,408.5,7.0,8732
2454,2020-02-14,9177582,3724845554,407.0,408.0,403.5,405.5,-3.0,6104
2454,2020-02-17,9237824,3669593100,397.5,399.5,394.0,398.0,-7.5,6894
2454,2020-02-18,7500223,2956294585,394.0,396.5,392.0,392.0,-6.0,5297
2454,2020-02-19,9008260,3519298920,395.0,396.0,387.5,388.5,-3.5,6307
2454,2020-02-20,8177571,3199218235,391.5,394.0,387.5,394.0,5.5,5293
2454,2020-02-21,7800080,3038322028,394.0,394.0,388.0,388.0,-6.0,6438
2454,2020-02-24,13117425,4973563735,382.5,384.5,376.0,377.0,-11.0,8825
2454,2020-02-25,10230047,3865178360,374.5,383.0,371.0,378.5,1.5,7545
2454,2020-02-26,10994144,4135433490,375.0,380.0,373.0,375.0,-3.5,7002
2454,2020-02-27,14733370,5392264050,376.0,378.0,360.0,360.0,-15.0,9355
2454,2020-03-02,11727602,4237999575,356.0,368.0,353.5,363.0,3.0,7845
2454,2020-03-03,10014005,3747508875,373.0,378.5,371.0,372.0,9.0,6126
2454,2020-03-04,10894688,4012499436,371.5,372.5,364.0,370.5,-1.5,5720
2454,2020-03-05,11305601,4317208665,377.5,385.0,376.0,385.0,14.5,7410
2454,2020-03-06,7682406,2914891650,380.0,382.5,376.5,378.5,-6.5,5211
2454,2020-03-09,11652891,4271197888,368.5,371.0,361.0,366.5,-12.0,7613
2454,2020-03-10,11832469,4357631145,363.5,373.5,362.0,373.5,7.0,7776
2454,2020-03-11,9371669,3471915840,373.5,377.0,362.0,363.0,-10.5,6371
2454,2020-03-12,19312208,6651230970,356.0,358.5,336.0,336.0,-27.0,12801
2454,2020-03-13,23633277,7679822957,307.5,348.0,305.0,341.0,5.0,15128
2454,2020-03-16,12157253,4020202713,333.0,342.5,320.0,320.0,-21.0,8087
2454,2020-03-17,14400860,4580804120,308.0,328.5,308.0,315.5,-4.5,9491
2454,2020-03-18,14131612,4441650824,315.5,321.5,301.5,301.5,-14.0,9639
2454,2020-03-19,25712419,7248969225,291.0,298.5,273.0,274.0,-27.5,16966
2454,2020-03-20,17586676,5245651976,296.0,301.0,287.0,301.0,27.0,8826
2454,2020-03-23,21198004,6537935776,307.0,314.0,296.0,308.0,7.0,14232
2454,2020-03-24,13447078,4486612738,336.0,338.5,326.0,330.0,22.0,8947
2454,2020-03-25,20283591,6973782076,348.0,353.0,330.0,334.5,4.5,13754
2454,2020-03-26,11554093,3906131492,339.0,345.0,328.0,343.5,9.0,8461
2454,2020-03-27,13224545,4583620030,359.5,359.5,336.5,340.0,-3.5,9161
2454,2020-03-30,11164349,3697049811,329.5,336.5,323.0,336.5,-3.5,7513
2454,2020-03-31,10956002,3640562391,339.0,343.5,326.0,327.5,-9.0,7793
2454,2020-04-01,6677209,2209097396,333.0,334.0,325.5,334.0,6.5,4960
2454,2020-04-06,8234391,2805449722,346.0,346.0,336.5,341.0,7.0,5494
2454,2020-04-07,10214322,3551388356,348.0,350.0,346.0,347.0,6.0,5632
2454,2020-04-08,6885590,2399316273,346.0,352.0,345.0,349.5,2.5,4941
2454,2020-04-09,8237776,2892865250,356.0,356.0,347.5,351.5,2.0,5200
2454,2020-04-10,6619621,2318809264,352.5,352.5,348.0,350.0,-1.5,4052
2454,2020-04-13,7148004,2515220408,349.0,354.5,348.5,351.5,1.5,4177
2454,2020-04-14,13578196,4929041591,354.0,368.5,353.5,365.5,14.0,8960
2454,2020-04-15,8890815,3253892664,370.0,370.5,363.5,365.5,0.0,5873
2454,2020-04-16,6871648,2491533020,361.0,365.5,360.5,361.5,-4.0,4174
2454,2020-04-17,13317197,4923770465,379.0,379.0,363.0,368.0,6.5,8819
2454,2020-04-20,5979488,2213219259,371.0,373.5,366.5,370.0,2.0,3799
2454,2020-04-21,11421460,4098032604,367.0,367.0,352.0,353.5,-16.5,8627
2454,2020-04-22,12142371,4208265880,350.0,352.0,342.0,346.0,-7.5,9299
2454,2020-04-23,8791011,3063268876,347.5,351.0,344.0,351.0,5.0,5965
2454,2020-04-24,6025467,2112875917,351.0,353.0,348.0,348.5,-2.5,4076
2454,2020-04-27,13194986,4820204264,357.0,374.0,355.5,372.0,23.5,9305
2454,2020-04-28,10769852,3988722587,374.5,375.0,363.5,375.0,3.0,7675
2454,2020-04-29,31507975,12411291051,400.0,400.0,386.5,398.0,23.0,21633
2454,2020-04-30,22045679,9056156448,412.0,415.5,405.0,415.0,17.0,14050
2454,2020-05-04,11748303,4709062700,404.0,405.0,398.0,399.5,-15.5,8589
2454,2020-05-05,7287899,2917832410,403.5,405.5,396.0,401.5,2.0,5685
2454,2020-05-06,10340772,4204073308,405.0,409.5,401.5,408.0,6.5,6072
2454,2020-05-07,8184230,3379054800,412.0,415.0,411.0,411.0,3.0,5478
2454,2020-05-08,6884964,2852857389,415.0,418.0,411.5,411.5,0.5,4489
2454,2020-05-11,6480940,2658770900,415.5,415.5,407.0,410.0,-1.5,4593
2454,2020-05-12,5093041,2075357228,408.0,409.5,404.0,407.0,-3.0,3520
2454,2020-05-13,11287740,4685732680,408.5,420.0,407.0,420.0,13.0,7564
2454,2020-05-14,8304088,3425799668,417.0,419.0,406.5,411.0,-9.0,6379
2454,2020-05-15,5826797,2391258070,414.0,415.5,404.5,411.0,0.0,4110
2454,2020-05-18,25672990,11420605156,452.0,452.0,436.5,440.5,29.5,16188
2454,2020-05-19,23381164,10775474986,462.5,464.0,458.0,462.0,21.5,14326
2454,2020-05-20,18969567,8904290369,467.0,479.0,464.0,470.0,8.0,12582
2454,2020-05-21,9455736,4403000074,470.0,472.0,460.5,464.5,-5.5,6202
2454,2020-05-22,15484024,6915073334,446.5,455.0,440.0,442.0,-22.5,10880
2454,2020-05-25,11364742,5164434635,451.5,460.0,449.0,460.0,18.0,7958
2454,2020-05-26,6684259,3099929881,460.0,468.0,458.0,460.0,0.0,4925
2454,2020-05-27,8859230,4103795784,465.0,466.0,459.5,464.5,4.5,5659
2454,2020-05-28,10968535,5042125065,468.0,469.0,453.5,460.0,-4.5,7753
2454,2020-05-29,9592183,4434895676,460.0,467.0,453.5,463.0,3.0,5039
2454,2020-06-01,8808266,4094933126,468.0,470.0,460.0,461.5,-1.5,5843
2454,2020-06-02,17040745,8263201631,488.0,490.5,479.5,485.0,23.5,11511
2454,2020-06-03,9783845,4795053535,492.0,493.5,487.0,490.0,5.0,6731
2454,2020-06-04,8538190,4164028020,485.0,493.0,482.0,490.0,0.0,5735
2454,2020-06-05,8958917,4427235038,493.0,497.5,491.0,494.0,4.0,5831
2454,2020-06-08,9669114,4816878316,495.5,505.0,493.0,494.5,0.5,6567
2454,2020-06-09,7942284,3924509580,491.0,499.5,487.5,497.5,3.0,5550
2454,2020-06-10,6677972,3336974966,495.5,503.0,495.0,500.0,2.5,4723
2454,2020-06-11,11175186,5609874256,500.0,509.0,496.0,496.5,-3.5,6813
2454,2020-06-12,12644920,6151832640,473.0,495.5,473.0,492.5,-4.0,7828
2454,2020-06-15,7204482,3586931838,498.0,505.0,492.5,492.5,0.0,5822
2454,2020-06-16,11665647,5862318882,492.0,510.0,491.5,510.0,17.5,8554
2454,2020-06-17,7132179,3630936522,511.0,516.0,505.0,510.0,0.0,4807
2454,2020-06-18,5601592,2864049135,515.0,515.0,508.0,513.0,3.0,4127
2454,2020-06-19,22189522,11989751968,520.0,560.0,518.0,546.0,33.0,15535
2454,2020-06-22,17896887,10151518290,553.0,576.0,546.0,576.0,30.0,13403
2454,2020-06-23,16106824,9274502722,580.0,594.0,558.0,574.0,-2.0,12564
2454,2020-06-24,9137582,5259213560,572.0,584.0,568.0,580.0,6.0,7353
2454,2020-06-29,12360207,7025233756,566.0,576.0,563.0,565.0,-15.0,8848
2454,2020-06-30,9477547,5446853713,569.0,579.0,568.0,579.0,14.0,6474
2454,2020-07-01,7704668,4509588420,590.0,594.0,575.0,577.0,-2.0,6026
2454,2020-07-02,6031098,3479994448,577.0,582.0,573.0,574.0,-3.0,4713
2454,2020-07-03,8709502,5076814670,575.0,587.0,575.0,585.0,11.0,6503
2454,2020-07-06,7257983,4246965987,587.0,589.0,580.0,589.0,0.0,5745
2454,2020-07-07,19739242,12030718684,598.0,632.0,595.0,618.0,29.0,13788
2454,2020-07-08,23384399,15334797441,629.0,674.0,625.0,661.0,43.0,17451
2454,2020-07-09,17228954,11275283916,661.0,663.0,640.0,651.0,-10.0,14157
2454,2020-07-10,17015547,10729476093,641.0,647.0,616.0,616.0,-35.0,13330
2454,2020-07-13,10446840,6560638360,626.0,639.0,618.0,629.0,13.0,8478
2454,2020-07-14,9446920,5812727670,627.0,628.0,610.0,611.0,-18.0,7700
2454,2020-07-15,14729162,8973203197,612.0,618.0,598.0,609.0,-2.0,11055
2454,2020-07-16,7417218,4474246018,601.0,612.0,599.0,599.0,-10.0,6190
2454,2020-07-17,8994459,5420967613,598.0,608.0,596.0,607.0,8.0,7114
2454,2020-07-20,9008151,5388054902,609.0,611.0,590.0,601.0,-6.0,7345
2454,2020-07-21,15777808,9951824696,612.0,643.0,612.0,637.0,36.0,12392
2454,2020-07-22,17852109,11827985376,659.0,670.0,651.0,664.0,27.0,13618
2454,2020-07-23,17793987,11920667659,658.0,687.0,653.0,677.0,13.0,13937
2454,2020-07-24,24419901,16795888977,677.0,703.0,670.0,675.0,-2.0,19725
2454,2020-07-27,21431219,15305966243,695.0,737.0,691.0,728.0,53.0,17615
2454,2020-07-28,36378539,26105851132,741.0,763.0,680.0,680.0,-48.0,28746
2454,2020-07-29,14628939,9963495157,683.0,694.0,667.0,682.0,2.0,11816
2454,2020-07-30,13796896,9398689156,686.0,694.0,670.0,683.0,1.0,10458
2454,2020-07-31,15072563,10404919783,678.0,707.0,670.0,701.0,18.0,11281
2454,2020-08-03,25733096,18346505200,743.0,743.0,695.0,696.0,-5.0,18912
2454,2020-08-04,19275303,13831395469,703.0,732.0,700.0,732.0,36.0,15575
2454,2020-08-05,13153226,9617048441,735.0,739.0,722.0,730.0,-2.0,11020
2454,2020-08-06,12890678,9525236974,736.0,753.0,730.0,732.0,2.0,10579
2454,2020-08-07,14627882,10442868630,730.0,736.0,704.0,705.0,-27.0,11960
2454,2020-08-10,11142754,7852221586,696.0,714.0,696.0,706.0,1.0,8617
2454,2020-08-11,9919208,6937393600,698.0,708.0,691.0,693.0,-13.0,7588
2454,2020-08-12,11143131,7593118866,684.0,690.0,674.0,680.0,-13.0,9131
2454,2020-08-13,11410405,7843859640,700.0,702.0,671.0,684.0,4.0,8500
2454,2020-08-14,9672925,6534060700,670.0,683.0,670.0,680.0,-4.0,7620
2454,2020-08-17,6056362,4133827694,684.0,689.0,677.0,685.0,5.0,4901
2454,2020-08-18,42389663,26292418734,617.0,642.0,617.0,617.0,-68.0,29380
2454,2020-08-19,23597107,14523241377,618.0,626.0,605.0,609.0,-8.0,16757
2454,2020-08-20,34547307,19914507343,603.0,611.0,551.0,565.0,-44.0,25051
2454,2020-08-21,21528784,12783058888,583.0,606.0,581.0,604.0,39.0,16027
2454,2020-08-24,14910954,8782716860,599.0,600.0,583.0,585.0,-19.0,10811
2454,2020-08-25,9904789,5827153088,592.0,594.0,584.0,589.0,4.0,7028
2454,2020-08-26,10781130,6225606530,585.0,586.0,573.0,578.0,-11.0,8424
2454,2020-08-27,15405596,8699815356,583.0,586.0,555.0,558.0,-20.0,11910
2454,2020-08-28,13150295,7431101510,558.0,575.0,553.0,574.0,16.0,9934
2454,2020-08-31,17151699,9604529440,580.0,583.0,552.0,556.0,-18.0,11460
2454,2020-09-01,11319355,6433047190,559.0,577.0,553.0,576.0,20.0,8040
2454,2020-09-02,18844801,11280884998,605.0,609.0,590.0,596.0,20.0,12899
2454,2020-09-03,13567883,8257205598,614.0,615.0,598.0,603.0,7.0,9148
2454,2020-09-04,13800424,8238699944,589.0,610.0,582.0,603.0,0.0,10195
2454,2020-09-07,7096189,4261503400,608.0,613.0,593.0,598.0,-5.0,5150
2454,2020-09-08,6683057,4042322428,602.0,614.0,598.0,604.0,6.0,4994
2454,2020-09-09,10536718,6239805210,594.0,599.0,586.0,595.0,-9.0,6741
2454,2020-09-10,7308603,4393136800,601.0,607.0,598.0,599.0,4.0,5081
2454,2020-09-11,7837495,4650879020,598.0,603.0,586.0,595.0,-4.0,5736
2454,2020-09-14,8675428,5233147652,596.0,610.0,589.0,609.0,14.0,6491
2454,2020-09-15,8056558,4920099488,609.0,614.0,603.0,611.0,2.0,5673
2454,2020-09-16,10738991,6671065386,618.0,628.0,616.0,617.0,6.0,7563
2454,2020-09-17,12572944,7541286456,610.0,611.0,593.0,599.0,-18.0,9393
2454,2020-09-18,11402876,6880435732,599.0,611.0,591.0,611.0,12.0,7318
2454,2020-09-21,8306351,5127267604,614.0,624.0,610.0,616.0,5.0,6436
2454,2020-09-22,7641728,4636982822,614.0,615.0,602.0,603.0,-13.0,5330
2454,2020-09-23,6545842,4023666830,609.0,619.0,609.0,617.0,14.0,5378
2454,2020-09-24,8632965,5233787930,606.0,616.0,600.0,600.0,-17.0,6797
2454,2020-09-25,9004337,5347702520,605.0,608.0,581.0,585.0,-15.0,6153
2454,2020-09-28,8878900,5283154209,583.0,607.0,581.0,603.0,18.0,5669
2454,2020-09-29,6297334,3838339406,606.0,614.0,606.0,610.0,7.0,4160
2454,2020-09-30,6064893,3709483144,615.0,618.0,607.0,607.0,-3.0,3930
2454,2020-10-05,5000804,3065861440,614.0,617.0,610.0,611.0,4.0,3718
2454,2020-10-06,3949603,2430698845,618.0,619.0,612.0,615.0,4.0,2936
2454,2020-10-07,17770203,11356350935,617.0,658.0,613.0,647.0,32.0,13775
2454,2020-10-08,15705367,10500532887,660.0,677.0,650.0,670.0,23.0,12010
2454,2020-10-12,22052450,15693779250,710.0,722.0,699.0,714.0,44.0,15294
2454,2020-10-13,7971165,5579824814,712.0,712.0,693.0,699.0,-15.0,6971
2454,2020-10-14,6302855,4356676095,692.0,698.0,687.0,689.0,-10.0,4890
2454,2020-10-15,7045919,4902792771,693.0,707.0,689.0,689.0,0.0,5800
2454,2020-10-16,5020630,3454686400,689.0,695.0,680.0,680.0,-9.0,4254
2454,2020-10-19,3933553,2717806676,683.0,695.0,683.0,692.0,12.0,3358
2454,2020-10-20,4936501,3403891195,688.0,697.0,683.0,697.0,5.0,3773
2454,2020-10-21,5171741,3610215031,704.0,710.0,687.0,691.0,-6.0,4410
2454,2020-10-22,5130155,3539705240,688.0,696.0,685.0,688.0,-3.0,4019
2454,2020-10-23,4854113,3314929066,689.0,694.0,678.0,678.0,-10.0,4192
2454,2020-10-26,4340545,2941638788,680.0,686.0,672.0,674.0,-4.0,4215
2454,2020-10-27,6628379,4519508301,674.0,688.0,672.0,685.0,11.0,5167
2454,2020-10-28,6124573,4181870597,685.0,689.0,675.0,681.0,-4.0,5075
2454,2020-10-29,4542886,3076287992,670.0,687.0,666.0,684.0,3.0,4286
2454,2020-10-30,6389520,4326277336,678.0,682.0,670.0,678.0,-6.0,4816
2454,2020-11-02,14039866,9335843532,690.0,690.0,650.0,653.0,-25.0,11901
2454,2020-11-03,8279509,5523878468,661.0,676.0,660.0,665.0,12.0,11086
2454,2020-11-04,9310114,6274340491,671.0,685.0,661.0,677.0,12.0,9508
2454,2020-11-05,11771407,8117648877,685.0,696.0,679.0,696.0,19.0,9961
2454,2020-11-06,7383559,5156129124,701.0,704.0,692.0,700.0,4.0,6770
2454,2020-11-09,6643292,4667880620,710.0,714.0,693.0,702.0,2.0,5899
2454,2020-11-10,6061984,4182276658,702.0,702.0,681.0,686.0,-16.0,6312
2454,2020-11-11,8075443,5436057097,662.0,682.0,662.0,676.0,-10.0,7507
2454,2020-11-12,4845993,3271112494,677.0,683.0,671.0,673.0,-3.0,4385
2454,2020-11-13,4707048,3159429474,671.0,677.0,667.0,675.0,2.0,3865
2454,2020-11-16,6340597,4358490909,685.0,695.0,681.0,694.0,19.0,5967
2454,2020-11-17,6537087,4557362547,701.0,703.0,691.0,696.0,2.0,5665
2454,2020-11-18,21267800,15274889320,702.0,728.0,701.0,728.0,32.0,18619
2454,2020-11-19,9175800,6716017917,732.0,738.0,727.0,733.0,5.0,8347
2454,2020-11-20,11660336,8660917741,732.0,754.0,723.0,747.0,14.0,10207
2454,2020-11-23,7122453,5317595635,754.0,758.0,738.0,743.0,-4.0,7131
2454,2020-11-24,5788982,4298264456,752.0,752.0,734.0,742.0,-1.0,5581
2454,2020-11-25,7168939,5251824639,746.0,748.0,724.0,724.0,-18.0,7386
2454,2020-11-26,3674272,2682388406,733.0,737.0,725.0,730.0,6.0,3525
2454,2020-11-27,3520339,2551171068,725.0,731.0,721.0,725.0,-5.0,3789
2454,2020-11-30,14282872,10101719632,711.0,718.0,703.0,704.0,-21.0,11498
2454,2020-12-01,8546033,5967592057,700.0,708.0,693.0,697.0,-7.0,8994
2454,2020-12-02,8951519,6324640621,706.0,717.0,695.0,712.0,15.0,7919
2454,2020-12-03,7043862,4953838001,715.0,715.0,698.0,700.0,-12.0,7128
2454,2020-12-04,5447920,3824994925,700.0,707.0,696.0,705.0,5.0,5563
2454,2020-12-07,5507847,3860949678,705.0,708.0,695.0,704.0,-1.0,5571
2454,2020-12-08,10092358,7250849121,703.0,731.0,702.0,730.0,26.0,10065
2454,2020-12-09,7934850,5851551385,735.0,746.0,730.0,734.0,4.0,7950
2454,2020-12-10,7890093,5635221751,730.0,730.0,706.0,709.0,-25.0,8877
2454,2020-12-11,7743157,5496198310,720.0,722.0,701.0,707.0,-2.0,7305
2454,2020-12-14,3923653,2760735687,706.0,710.0,699.0,702.0,-5.0,4288
2454,2020-12-15,5126489,3590787610,702.0,706.0,696.0,701.0,-1.0,5345
2454,2020-12-16,6278334,4431853093,711.0,714.0,701.0,701.0,0.0,5293
2454,2020-12-17,6085006,4282246143,703.0,711.0,699.0,704.0,3.0,4691
2454,2020-12-18,4932935,3459200259,704.0,708.0,699.0,699.0,-5.0,4147
2454,2020-12-21,5459098,3818331402,698.0,708.0,689.0,708.0,9.0,4791
2454,2020-12-22,6455645,4599270877,708.0,722.0,703.0,703.0,-5.0,5998
2454,2020-12-23,5391073,3853814191,708.0,722.0,705.0,720.0,17.0,5207
2454,2020-12-24,3363422,2422416459,724.0,725.0,714.0,714.0,-6.0,3493
2454,2020-12-25,2222300,1593359269,720.0,722.0,712.0,715.0,1.0,2353
2454,2020-12-28,10682986,7855015517,724.0,741.0,723.0,740.0,25.0,10693
2454,2020-12-29,4621472,3417903144,741.0,746.0,734.0,734.0,-6.0,5277
2454,2020-12-30,5673669,4213092325,740.0,746.0,735.0,746.0,12.0,5955
2454,2020-12-31,4667590,3490385717,747.0,753.0,742.0,747.0,1.0,4395
2454,2021-01-04,14143143,11014629474,755.0,798.0,752.0,792.0,45.0,13938
2454,2021-01-05,9450974,7488249698,796.0,804.0,775.0,797.0,5.0,9484
2454,2021-01-06,9331483,7429735716,802.0,814.0,785.0,792.0,-5.0,9870
2454,2021-01-07,7755897,6199710425,794.0,808.0,785.0,799.0,7.0,7099
2454,2021-01-08,13336420,11039865423,810.0,844.0,802.0,838.0,39.0,12816
2454,2021-01-11,8031597,6796558803,843.0,856.0,835.0,851.0,13.0,7931
2454,2021-01-12,10441036,8888052276,857.0,868.0,842.0,846.0,-5.0,10185
2454,2021-01-13,16971279,14943846563,855.0,899.0,850.0,884.0,38.0,15795
2454,2021-01-14,11667769,10113235076,872.0,881.0,854.0,861.0,-23.0,13824
2454,2021-01-15,9997448,8596469996,878.0,882.0,842.0,850.0,-11.0,12337
2454,2021-01-18,9010949,7500023716,850.0,851.0,817.0,844.0,-6.0,11302
2454,2021-01-19,8072808,7013524168,861.0,880.0,854.0,879.0,35.0,8828
2454,2021-01-20,11111720,9781496840,885.0,898.0,870.0,872.0,-7.0,12085
2454,2021-01-21,17720132,16233512122,890.0,935.0,888.0,934.0,62.0,18986
2454,2021-01-22,16584582,15321037330,914.0,946.0,908.0,917.0,-17.0,18003
2454,2021-01-25,9057069,8219463684,917.0,925.0,891.0,910.0,-7.0,9764
2454,2021-01-26,10311306,9203515892,914.0,922.0,871.0,871.0,-39.0,16397
2454,2021-01-27,11567263,10294493861,881.0,905.0,871.0,897.0,26.0,10997
2454,2021-01-28,18167308,15822333470,866.0,880.0,863.0,869.0,-28.0,18351
2454,2021-01-29,18258898,16221768275,889.0,903.0,875.0,875.0,6.0,15415
2454,2021-02-01,13638526,12231800540,886.0,909.0,875.0,905.0,30.0,13575
2454,2021-02-02,14757663,13823288847,925.0,952.0,920.0,931.0,26.0,15925
2454,2021-02-03,11707296,11125117801,947.0,959.0,942.0,950.0,19.0,12276
2454,2021-02-04,13251920,12449698311,933.0,953.0,915.0,946.0,-4.0,12750
2454,2021-02-05,15508268,14956647397,955.0,987.0,950.0,950.0,4.0,16636
2454,2021-02-17,11965819,11790760581,1000.0,1010.0,971.0,980.0,30.0,13142
2454,2021-02-18,6379963,6239667374,980.0,987.0,968.0,978.0,-2.0,7661
2454,2021-02-19,7991437,7699805545,971.0,975.0,953.0,964.0,-14.0,10875
2454,2021-02-22,7565200,7298460088,972.0,980.0,951.0,951.0,-13.0,10666
2454,2021-02-23,8565124,8143886849,945.0,968.0,932.0,965.0,14.0,8916
2454,2021-02-24,8417401,8009520071,948.0,967.0,940.0,940.0,-25.0,10319
2454,2021-02-25,8044929,7582966805,950.0,955.0,930.0,944.0,4.0,8937
2454,2021-02-26,15572480,14209617300,923.0,931.0,896.0,896.0,-48.0,20992
2454,2021-03-02,14215554,13098514067,920.0,939.0,900.0,900.0,4.0,13094
2454,2021-03-03,9625941,8837615736,915.0,930.0,895.0,930.0,30.0,8639
2454,2021-03-04,12469716,11254176843,919.0,919.0,895.0,897.0,-33.0,16165
2454,2021-03-05,10585927,9336956818,877.0,892.0,870.0,883.0,-14.0,14218
2454,2021-03-08,9984494,8845209010,901.0,909.0,866.0,867.0,-16.0,16017
2454,2021-03-09,9503232,8279561250,860.0,885.0,854.0,879.0,12.0,10624
2454,2021-03-10,9564427,8328731610,890.0,892.0,860.0,864.0,-15.0,15028
2454,2021-03-11,9536535,8430374000,869.0,895.0,865.0,888.0,24.0,10157
2454,2021-03-12,8342109,7527169082,900.0,915.0,892.0,899.0,11.0,8754
2454,2021-03-15,6870767,6230613032,900.0,914.0,900.0,907.0,8.0,6715
2454,2021-03-16,6819333,6234175801,917.0,919.0,906.0,919.0,12.0,7308
2454,2021-03-17,6095656,5565381375,924.0,925.0,902.0,908.0,-11.0,7775
2454,2021-03-18,4643748,4231446015,914.0,920.0,903.0,903.0,-5.0,5308
2454,2021-03-19,7815136,6927620271,895.0,896.0,880.0,885.0,-18.0,9599
2454,2021-03-22,7242365,6389829722,880.0,891.0,872.0,881.0,-4.0,8209
2454,2021-03-23,8634587,7613375900,890.0,892.0,870.0,870.0,-11.0,9295
2454,2021-03-24,7176317,6341977147,872.0,895.0,866.0,894.0,24.0,7245
2454,2021-03-25,16822913,15609054889,904.0,950.0,896.0,949.0,55.0,21882
2454,2021-03-26,11990455,11296233820,951.0,955.0,930.0,943.0,-6.0,13237
2454,2021-03-29,9733633,9294980212,953.0,970.0,941.0,941.0,-2.0,10779
2454,2021-03-30,12775101,12318722192,958.0,977.0,941.0,971.0,30.0,14504
2454,2021-03-31,9308335,9056085526,972.0,984.0,960.0,969.0,-2.0,9430
2454,2021-04-01,5773029,5608220878,978.0,985.0,961.0,961.0,-8.0,6689
2454,2021-04-06,12518802,12496987935,985.0,1010.0,984.0,995.0,34.0,16844
2454,2021-04-07,5555761,5544597573,1005.0,1010.0,988.0,998.0,3.0,5914
2454,2021-04-08,8167263,8237103462,988.0,1030.0,985.0,1020.0,22.0,9501
2454,2021-04-09,6835494,6928197672,1025.0,1030.0,999.0,999.0,-21.0,6586
2454,2021-04-12,10591483,10297735564,997.0,1005.0,956.0,960.0,-39.0,15811
2454,2021-04-13,9936111,9642426913,973.0,984.0,952.0,961.0,1.0,11616
2454,2021-04-14,8837949,8418348992,965.0,969.0,935.0,965.0,4.0,11115
2454,2021-04-15,6003442,5831329760,971.0,985.0,957.0,985.0,20.0,7185
2454,2021-04-16,6494451,6334177260,990.0,990.0,967.0,975.0,-10.0,7062
2454,2021-04-19,4616211,4474368427,985.0,985.0,962.0,963.0,-12.0,6067
2454,2021-04-20,11068834,10957963828,966.0,1010.0,963.0,998.0,35.0,11045
2454,2021-04-21,6767197,6722472150,1010.0,1010.0,983.0,988.0,-10.0,7136
2454,2021-04-22,6178019,6146468973,999.0,1010.0,984.0,984.0,-4.0,6739
2454,2021-04-23,11303072,11456437658,980.0,1035.0,980.0,1035.0,51.0,14963
2454,2021-04-26,11479738,12202088290,1070.0,1090.0,1030.0,1070.0,35.0,11981
2454,2021-04-27,8769643,9422271120,1075.0,1100.0,1055.0,1065.0,-5.0,8147
2454,2021-04-28,9050437,9718091545,1075.0,1090.0,1055.0,1080.0,15.0,7798
2454,2021-04-29,6567928,7782994680,1185.0,1185.0,1185.0,1185.0,105.0,5215
2454,2021-05-03,26691326,30048400595,1175.0,1175.0,1080.0,1105.0,-80.0,25290
2454,2021-05-04,18231506,19476054820,1100.0,1105.0,1025.0,1085.0,-20.0,19476
2454,2021-05-05,14706523,15353608999,1090.0,1100.0,999.0,1005.0,-80.0,18840
2454,2021-05-06,14707057,15214361395,1030.0,1065.0,1000.0,1055.0,50.0,13530
2454,2021-05-07,10404016,10873811920,1055.0,1065.0,1020.0,1060.0,5.0,10340
2454,2021-05-10,19770327,19665904692,1015.0,1025.0,979.0,979.0,-81.0,31826
2454,2021-05-11,25311449,23187861759,901.0,937.0,898.0,911.0,-68.0,31502
2454,2021-05-12,31743355,28023814121,900.0,919.0,821.0,888.0,-23.0,38026
2454,2021-05-13,16914988,14993034403,886.0,905.0,861.0,873.0,-15.0,21218
2454,2021-05-14,11955062,10765479304,894.0,920.0,888.0,895.0,22.0,14148
2454,2021-05-17,16387825,14910174357,880.0,937.0,869.0,914.0,19.0,18329
2454,2021-05-18,16451932,15952272681,940.0,994.0,920.0,994.0,80.0,18896
2454,2021-05-19,12726405,12240468292,983.0,992.0,943.0,943.0,-51.0,19246
2454,2021-05-20,11288732,10588899203,938.0,949.0,926.0,930.0,-13.0,12647
2454,2021-05-21,13888295,13266103555,961.0,973.0,936.0,955.0,25.0,13300
2454,2021-05-24,6117441,5784586787,950.0,959.0,938.0,943.0,-12.0,8259
2454,2021-05-25,8851143,8487332205,955.0,969.0,947.0,952.0,9.0,9271
2454,2021-05-26,5897428,5632069553,960.0,968.0,947.0,951.0,-1.0,7057
2454,2021-05-27,9408341,8819319190,945.0,952.0,931.0,935.0,-16.0,12003
2454,2021-05-28,7683008,7332322270,950.0,968.0,938.0,961.0,26.0,9706
2454,2021-05-31,9735550,9608090726,971.0,1010.0,959.0,995.0,34.0,13973
2454,2021-06-01,7359973,7283387219,1005.0,1015.0,976.0,977.0,-18.0,10639
2454,2021-06-02,7280733,7043811180,981.0,988.0,957.0,959.0,-18.0,13543
2454,2021-06-03,5997351,5861387770,968.0,984.0,965.0,981.0,22.0,6020
2454,2021-06-04,4084872,3968840304,971.0,977.0,966.0,977.0,-4.0,5074
2454,2021-06-07,5423299,5227747851,971.0,976.0,948.0,973.0,-4.0,8011
2454,2021-06-08,3584585,3476996181,975.0,977.0,966.0,966.0,-7.0,4429
2454,2021-06-09,3982070,3877203073,963.0,984.0,963.0,967.0,1.0,4939
2454,2021-06-10,9223103,9167098512,980.0,1005.0,977.0,998.0,31.0,11918
2454,2021-06-11,6101450,6033201319,1005.0,1010.0,980.0,980.0,-18.0,9692
2454,2021-06-15,5500801,5453060457,992.0,1005.0,985.0,989.0,9.0,6280
2454,2021-06-16,5172619,5097641346,995.0,995.0,981.0,985.0,-4.0,5738
2454,2021-06-17,6313231,6144746315,978.0,979.0,968.0,978.0,-7.0,8883
2454,2021-06-18,6077649,5917845107,980.0,990.0,965.0,965.0,-13.0,7380
2454,2021-06-21,11806041,11032287422,960.0,961.0,918.0,918.0,-47.0,31213
2454,2021-06-22,14408209,12977450724,902.0,916.0,890.0,903.0,-15.0,26175
2454,2021-06-23,8988863,8320566023,903.0,941.0,898.0,941.0,38.0,11752
2454,2021-06-24,3582547,3345842419,945.0,947.0,927.0,929.0,-12.0,7189
2454,2021-06-25,5050278,4738907582,940.0,952.0,927.0,927.0,-2.0,6803
2454,2021-06-28,3891044,3615209572,929.0,935.0,922.0,935.0,8.0,5103
2454,2021-06-29,5525324,5201733467,942.0,949.0,935.0,935.0,0.0,6487
2454,2021-06-30,10667882,10263530432,945.0,978.0,943.0,962.0,27.0,12046
2454,2021-07-01,5621060,5387345203,971.0,976.0,948.0,955.0,-7.0,7519
2454,2021-07-02,4790985,4592233661,963.0,964.0,953.0,957.0,2.0,5146
2454,2021-07-05,7532324,7253624843,960.0,975.0,957.0,957.0,0.0,9256
2454,2021-07-06,7187618,6676788826,937.0,940.0,920.0,922.0,0.0,14620
2454,2021-07-07,5379862,4952152805,926.0,928.0,917.0,917.0,-5.0,10297
2454,2021-07-08,6530700,6014637645,920.0,929.0,914.0,920.0,3.0,6436
2454,2021-07-09,5186052,4771071467,915.0,929.0,911.0,919.0,-1.0,6165
2454,2021-07-12,5706017,5346107568,940.0,941.0,930.0,935.0,16.0,6153
2454,2021-07-13,7219531,6738427622,940.0,944.0,926.0,926.0,-9.0,8066
2454,2021-07-14,3410706,3173452902,929.0,938.0,925.0,930.0,4.0,4476
2454,2021-07-15,7490469,7081346164,935.0,952.0,930.0,951.0,21.0,8262
2454,2021-07-16,6055983,5759854226,948.0,960.0,941.0,957.0,6.0,6788
2454,2021-07-19,7197515,6661594919,941.0,945.0,915.0,919.0,-38.0,13264
2454,2021-07-20,3177142,2924310492,917.0,928.0,915.0,920.0,1.0,5347
2454,2021-07-21,5054585,4617028966,926.0,931.0,906.0,912.0,-8.0,8650
2454,2021-07-22,4257367,3924562982,915.0,931.0,915.0,919.0,7.0,5162
2454,2021-07-23,4544769,4224700764,932.0,934.0,924.0,933.0,14.0,4790
2454,2021-07-26,5040016,4673380933,940.0,940.0,920.0,923.0,-10.0,4825
2454,2021-07-27,8669067,8141558032,928.0,948.0,924.0,938.0,15.0,8987
2454,2021-07-28,17046717,15308710868,931.0,932.0,887.0,890.0,-48.0,28720
2454,2021-07-29,10421629,9571909485,915.0,935.0,903.0,933.0,43.0,10860
2454,2021-07-30,6139039,5629687066,935.0,937.0,907.0,910.0,-23.0,8663
2454,2021-08-02,4122769,3826838780,924.0,934.0,920.0,934.0,24.0,5452
2454,2021-08-03,3168619,2972009646,948.0,948.0,930.0,938.0,4.0,3738
2454,2021-08-04,6227344,5907071537,948.0,953.0,941.0,950.0,12.0,8307
2454,2021-08-05,7656801,7345324298,960.0,964.0,952.0,961.0,11.0,8722
2454,2021-08-06,3869980,3640698712,956.0,957.0,935.0,936.0,-25.0,6801
2454,2021-08-09,4439039,4087240470,928.0,928.0,911.0,921.0,-15.0,5807
2454,2021-08-10,2513902,2320569397,930.0,930.0,916.0,922.0,1.0,3144
2454,2021-08-11,4585315,4175799220,913.0,916.0,906.0,910.0,-12.0,6948
2454,2021-08-12,4309333,3919105870,923.0,923.0,901.0,904.0,-6.0,6828
2454,2021-08-13,5316640,4834227125,909.0,916.0,901.0,910.0,6.0,4922
2454,2021-08-16,3748871,3400104149,910.0,918.0,900.0,901.0,-9.0,5421
2454,2021-08-17,5619978,4996772917,903.0,905.0,880.0,880.0,-21.0,14819
2454,2021-08-18,6112567,5442899929,870.0,912.0,865.0,912.0,32.0,9482
2454,2021-08-19,5605024,5009046115,908.0,914.0,882.0,888.0,-24.0,9574
2454,2021-08-20,5568161,4914351650,899.0,904.0,870.0,873.0,-15.0,9040
2454,2021-08-23,5355550,4834290895,882.0,915.0,882.0,911.0,38.0,7145
2454,2021-08-24,3669517,3336483251,920.0,920.0,903.0,909.0,-2.0,3725
2454,2021-08-25,4529009,4118558224,915.0,915.0,900.0,911.0,2.0,3740
2454,2021-08-26,9982776,8837978854,906.0,907.0,870.0,888.0,-23.0,20930
2454,2021-08-27,5541636,4931572441,873.0,896.0,873.0,896.0,8.0,6152
2454,2021-08-30,4321735,3915780618,902.0,912.0,898.0,912.0,16.0,5396
2454,2021-08-31,7759596,6953519849,917.0,917.0,885.0,901.0,-11.0,8621
2454,2021-09-01,9426404,8682486888,917.0,930.0,906.0,927.0,26.0,11910
2454,2021-09-02,5835912,5453594073,930.0,945.0,927.0,933.0,6.0,7530
2454,2021-09-03,5982064,5518704279,938.0,938.0,917.0,919.0,-14.0,6585
2454,2021-09-06,8507094,7686402319,907.0,917.0,895.0,896.0,-23.0,10893
2454,2021-09-07,3756993,3384475936,901.0,907.0,897.0,903.0,7.0,3952
2454,2021-09-08,5405988,4901792058,899.0,914.0,895.0,912.0,9.0,4710
2454,2021-09-09,6326324,5699357147,903.0,908.0,898.0,901.0,-11.0,5278
2454,2021-09-10,4863848,4460103582,903.0,925.0,902.0,925.0,24.0,6005
2454,2021-09-13,3014460,2790479842,918.0,932.0,918.0,927.0,2.0,3988
2454,2021-09-14,8536498,8046039802,932.0,949.0,932.0,947.0,20.0,11472
2454,2021-09-15,5483694,5124282580,943.0,945.0,928.0,935.0,-12.0,5478
2454,2021-09-16,4041855,3762823568,930.0,936.0,926.0,936.0,1.0,3589
2454,2021-09-17,7362257,6955190698,940.0,952.0,936.0,940.0,4.0,7460
2454,2021-09-22,8480705,7704784466,918.0,925.0,900.0,911.0,-29.0,10848
2454,2021-09-23,5320705,4856619712,919.0,921.0,905.0,915.0,4.0,5237
2454,2021-09-24,4848703,4449683534,918.0,923.0,912.0,920.0,5.0,4063
2454,2021-09-27,11010430,10454270707,921.0,959.0,921.0,959.0,39.0,15793
2454,2021-09-28,7353868,7040725953,959.0,969.0,945.0,957.0,-2.0,7994
2454,2021-09-29,8807094,8136007674,940.0,943.0,913.0,913.0,-44.0,11362
2454,2021-09-30,8747603,7916414107,913.0,915.0,896.0,905.0,-8.0,10672
2454,2021-10-01,6601268,5882005182,905.0,905.0,882.0,885.0,-20.0,16255
2454,2021-10-04,4625996,4119878988,892.0,899.0,878.0,892.0,7.0,5911
2454,2021-10-05,9075762,7871135272,872.0,878.0,855.0,867.0,-25.0,18097
2454,2021-10-06,5437206,4767022092,875.0,890.0,871.0,871.0,4.0,6466
2454,2021-10-07,7536884,6822097941,885.0,914.0,883.0,911.0,40.0,8016
2454,2021-10-08,4815175,4406502069,919.0,925.0,906.0,910.0,-1.0,5205
2454,2021-10-12,9179159,8201224912,907.0,908.0,885.0,887.0,-23.0,8148
2454,2021-10-13,5792133,5042864544,891.0,893.0,862.0,862.0,-25.0,14479
2454,2021-10-14,8950553,7605345119,870.0,873.0,839.0,840.0,-22.0,20052
2454,2021-10-15,6522822,5563539719,853.0,859.0,847.0,857.0,17.0,8236
2454,2021-10-18,6064288,5275492160,862.0,878.0,860.0,867.0,10.0,7122
2454,2021-10-19,6912775,6172110128,877.0,900.0,872.0,898.0,31.0,8399
2454,2021-10-20,4559291,4130277207,910.0,918.0,901.0,901.0,3.0,5579
2454,2021-10-21,6120161,5596723352,912.0,924.0,903.0,913.0,12.0,8635
2454,2021-10-22,4750886,4369613496,913.0,926.0,906.0,926.0,13.0,7063
2454,2021-10-25,5842189,5448006760,928.0,944.0,916.0,938.0,12.0,8317
2454,2021-10-26,6475143,6130124961,951.0,952.0,940.0,946.0,8.0,8292
2454,2021-10-27,8154279,7711498281,949.0,958.0,932.0,942.0,-4.0,9452
2454,2021-10-28,3849136,3599037910,942.0,947.0,927.0,936.0,-6.0,5982
2454,2021-10-29,5549918,5098098677,938.0,939.0,913.0,913.0,-23.0,7640
2454,2021-11-01,2963703,2736013975,925.0,930.0,917.0,922.0,9.0,3578
2454,2021-11-02,2965080,2753908718,929.0,934.0,919.0,928.0,6.0,3534
2454,2021-11-03,3089194,2885456706,934.0,939.0,929.0,932.0,4.0,3186
2454,2021-11-04,3142300,2933243510,945.0,945.0,926.0,928.0,-4.0,2836
2454,2021-11-05,3922770,3677044994,939.0,940.0,927.0,940.0,12.0,4519
2454,2021-11-08,10948581,10613395514,947.0,983.0,944.0,980.0,40.0,17597
2454,2021-11-09,7326160,7251540976,1000.0,1000.0,976.0,978.0,-2.0,10156
2454,2021-11-10,3607273,3474161864,972.0,978.0,958.0,958.0,-20.0,6984
2454,2021-11-11,3976455,3772947123,936.0,960.0,936.0,954.0,-4.0,5155
2454,2021-11-12,4506624,4410740653,964.0,988.0,956.0,983.0,29.0,7089
2454,2021-11-15,11863385,12113913220,1010.0,1035.0,1000.0,1025.0,42.0,19824
2454,2021-11-16,5968762,6144548995,1025.0,1045.0,1010.0,1035.0,10.0,8160
2454,2021-11-17,7313793,7639038614,1060.0,1075.0,1020.0,1030.0,-5.0,8746
2454,2021-11-18,13199272,14235901080,1060.0,1100.0,1050.0,1085.0,55.0,15124
2454,2021-11-19,10562661,11498116635,1115.0,1120.0,1060.0,1090.0,5.0,10365
2454,2021-11-22,5357065,5840128695,1100.0,1110.0,1080.0,1080.0,-10.0,5522
2454,2021-11-23,6209563,6604229951,1070.0,1090.0,1050.0,1055.0,-25.0,7474
2454,2021-11-24,4303829,4467249200,1045.0,1060.0,1025.0,1040.0,-15.0,6877
2454,2021-11-25,3042360,3150355090,1045.0,1055.0,1020.0,1035.0,-5.0,4431
2454,2021-11-26,4570424,4593923765,1020.0,1025.0,996.0,1005.0,-30.0,8783
2454,2021-11-29,3878731,3933345002,998.0,1030.0,991.0,1030.0,25.0,5937
2454,2021-11-30,8407302,8600026375,1050.0,1060.0,1010.0,1010.0,-20.0,6129
2454,2021-12-01,6547926,6884259525,1020.0,1070.0,1010.0,1065.0,55.0,7857
2454,2021-12-02,7194120,7706808715,1045.0,1085.0,1040.0,1080.0,15.0,7241
2454,2021-12-03,4782312,5131333230,1080.0,1090.0,1055.0,1060.0,-20.0,5456
2454,2021-12-06,4650774,4964134180,1060.0,1085.0,1040.0,1085.0,25.0,4749
2454,2021-12-07,6286966,6686549430,1060.0,1080.0,1050.0,1065.0,-20.0,5528
2454,2021-12-08,7553331,8258621655,1085.0,1110.0,1080.0,1095.0,30.0,8057
2454,2021-12-09,3406357,3694621690,1095.0,1100.0,1075.0,1085.0,-10.0,3118
2454,2021-12-10,3190902,3427647240,1075.0,1085.0,1065.0,1075.0,-10.0,3086
2454,2021-12-13,3450664,3727203182,1070.0,1095.0,1070.0,1075.0,0.0,3128
2454,2021-12-14,4197956,4460718232,1070.0,1075.0,1050.0,1070.0,-5.0,4462
2454,2021-12-15,3025297,3198202205,1065.0,1075.0,1045.0,1060.0,-10.0,3773
2454,2021-12-16,3900955,4225763480,1085.0,1090.0,1075.0,1090.0,30.0,4787
2454,2021-12-17,5577386,6023588920,1075.0,1095.0,1070.0,1075.0,-15.0,3918
2454,2021-12-20,3333615,3542886278,1070.0,1075.0,1055.0,1055.0,-20.0,4037
2454,2021-12-21,4476757,4870044535,1110.0,1110.0,1070.0,1090.0,35.0,4346
2454,2021-12-22,1375244,1495307005,1095.0,1095.0,1080.0,1085.0,-5.0,2013
2454,2021-12-23,2771095,3032923170,1090.0,1105.0,1085.0,1095.0,10.0,3893
2454,2021-12-24,5416247,6039143525,1100.0,1130.0,1095.0,1120.0,25.0,9223
2454,2021-12-27,8596153,9931937555,1125.0,1185.0,1120.0,1145.0,25.0,11891
2454,2021-12-28,5042669,5892194005,1160.0,1180.0,1155.0,1175.0,30.0,6293
2454,2021-12-29,5160937,6126791835,1180.0,1200.0,1170.0,1185.0,10.0,6737
2454,2021-12-30,3858894,4583650640,1200.0,1200.0,1175.0,1190.0,5.0,4943
2454,2022-01-03,7574367,8840518430,1205.0,1215.0,1145.0,1150.0,-40.0,11087
2454,2022-01-04,6761854,7830403615,1165.0,1175.0,1145.0,1165.0,15.0,7181
2454,2022-01-05,7170388,8393883150,1170.0,1190.0,1150.0,1175.0,10.0,6683
2454,2022-01-06,8411284,9514641165,1150.0,1155.0,1110.0,1135.0,-40.0,15403
2454,2022-01-07,8690396,9587680095,1130.0,1145.0,1090.0,1100.0,-35.0,11455
2454,2022-01-10,7452615,8071954585,1080.0,1095.0,1070.0,1095.0,-5.0,8492
2454,2022-01-11,4807940,5188806882,1090.0,1095.0,1065.0,1080.0,-15.0,7070
2454,2022-01-12,3084290,3337695090,1095.0,1095.0,1070.0,1085.0,5.0,4646
2454,2022-01-13,5091825,5575476675,1090.0,1110.0,1085.0,1100.0,15.0,4939
2454,2022-01-14,5753681,6152838075,1090.0,1090.0,1055.0,1065.0,-35.0,9562
2454,2022-01-17,5568468,6138222990,1075.0,1120.0,1070.0,1115.0,50.0,6695
2454,2022-01-18,4961195,5567673225,1110.0,1145.0,1105.0,1105.0,-10.0,7153
2454,2022-01-19,4814508,5303526290,1095.0,1120.0,1090.0,1100.0,-5.0,5568
2454,2022-01-20,5412066,5889630068,1105.0,1110.0,1070.0,1090.0,-10.0,5733
2454,2022-01-21,6033179,6440155680,1060.0,1080.0,1055.0,1070.0,-20.0,9424
2454,2022-01-24,5104728,5488571390,1060.0,1090.0,1050.0,1090.0,20.0,5903
2454,2022-01-25,4536083,4890268620,1080.0,1090.0,1070.0,1085.0,-5.0,5935
2454,2022-01-26,5220488,5645971650,1070.0,1095.0,1070.0,1075.0,-10.0,5741
2454,2022-02-07,18948207,20946255115,1130.0,1130.0,1075.0,1100.0,25.0,13780
2454,2022-02-08,9138912,10074534000,1125.0,1125.0,1090.0,1095.0,-5.0,7486
2454,2022-02-09,8215520,9159485405,1125.0,1135.0,1095.0,1130.0,35.0,7689
2454,2022-02-10,8726429,10012608825,1140.0,1165.0,1125.0,1160.0,30.0,10064
2454,2022-02-11,5058227,5841841255,1150.0,1170.0,1145.0,1150.0,-10.0,5743
2454,2022-02-14,5789679,6414222629,1120.0,1125.0,1100.0,1105.0,-45.0,9208
2454,2022-02-15,3322875,3682369260,1110.0,1120.0,1090.0,1100.0,-5.0,4898
2454,2022-02-16,2940602,3306235045,1130.0,1130.0,1115.0,1130.0,30.0,3607
2454,2022-02-17,3047582,3438647590,1130.0,1135.0,1120.0,1130.0,0.0,3424
2454,2022-02-18,2777044,3097804640,1115.0,1125.0,1105.0,1120.0,-10.0,3225
2454,2022-02-21,3249940,3659618467,1115.0,1135.0,1110.0,1130.0,10.0,3476
2454,2022-02-22,4981430,5496450079,1115.0,1120.0,1090.0,1110.0,-20.0,8351
2454,2022-02-23,3590396,3986660825,1110.0,1120.0,1100.0,1120.0,10.0,4159
2454,2022-02-24,8155250,8782736155,1095.0,1105.0,1055.0,1060.0,-60.0,16505
2454,2022-02-25,7392515,7974077740,1075.0,1095.0,1060.0,1085.0,25.0,6817
2454,2022-03-01,5544370,6135286415,1105.0,1120.0,1095.0,1100.0,15.0,5294
2454,2022-03-02,3703428,4011654075,1105.0,1105.0,1070.0,1080.0,-20.0,6111
2454,2022-03-03,3873104,4176002715,1085.0,1100.0,1065.0,1080.0,0.0,5898
2454,2022-03-04,6621209,6882300910,1060.0,1060.0,1025.0,1025.0,-55.0,18674
2454,2022-03-07,11348964,11098687132,985.0,995.0,970.0,972.0,-53.0,30951
2454,2022-03-08,7471419,7211402691,945.0,986.0,943.0,963.0,-9.0,15846
2454,2022-03-09,6282516,6076784325,971.0,976.0,956.0,966.0,3.0,11151
2454,2022-03-10,5992358,5969643645,990.0,1005.0,982.0,995.0,29.0,9214
2454,2022-03-11,6396559,6227011456,1000.0,1000.0,961.0,963.0,-32.0,20824
2454,2022-03-14,8927797,8461181196,973.0,975.0,934.0,944.0,-19.0,21155
2454,2022-03-15,10994846,10002479174,933.0,935.0,901.0,904.0,-40.0,32824
2454,2022-03-16,7790859,7077881282,930.0,931.0,900.0,907.0,3.0,13640
2454,2022-03-17,9926344,9548022910,951.0,978.0,949.0,968.0,61.0,15593
2454,2022-03-18,7194385,6938262300,971.0,974.0,955.0,969.0,1.0,8572
2454,2022-03-21,4146781,4067311946,985.0,985.0,977.0,978.0,9.0,6731
2454,2022-03-22,3993632,3884612543,971.0,980.0,967.0,975.0,-3.0,6676
2454,2022-03-23,4955261,4878211645,988.0,995.0,976.0,977.0,2.0,7078
2454,2022-03-24,4765504,4629338454,978.0,978.0,967.0,972.0,-5.0,6567
2454,2022-03-25,5031201,4883542317,975.0,976.0,965.0,971.0,-1.0,6097
2454,2022-03-28,2814908,2685291726,950.0,964.0,946.0,964.0,-7.0,10517
2454,2022-03-29,14174826,13095920655,931.0,951.0,903.0,912.0,-52.0,54087
2454,2022-03-30,11786348,10751298361,912.0,923.0,903.0,915.0,3.0,26957
2454,2022-03-31,8830610,8016666212,900.0,919.0,900.0,905.0,-10.0,19821
2454,2022-04-01,11812480,10627369757,900.0,904.0,893.0,900.0,-5.0,25507
2454,2022-04-06,14330964,12466721425,858.0,883.0,855.0,882.0,-18.0,33829
2454,2022-04-07,19182221,16510631995,858.0,872.0,850.0,850.0,-32.0,47806
2454,2022-04-08,14333839,12088289411,851.0,859.0,834.0,840.0,-10.0,41837
2454,2022-04-11,6422208,5377624527,839.0,847.0,832.0,836.0,-4.0,17372
2454,2022-04-12,8125095,6823947154,840.0,848.0,830.0,842.0,6.0,14765
2454,2022-04-13,10355160,9006590467,849.0,882.0,847.0,880.0,38.0,16334
2454,2022-04-14,6810310,5891990227,874.0,874.0,861.0,861.0,-19.0,14411
2454,2022-04-15,7666989,6447149105,851.0,852.0,831.0,832.0,-29.0,28913
2454,2022-04-18,4094460,3422814997,827.0,844.0,827.0,833.0,1.0,8310
2454,2022-04-19,6379783,5422143761,855.0,862.0,838.0,838.0,5.0,11511
2454,2022-04-20,5567216,4734430752,847.0,856.0,841.0,856.0,18.0,7792
2454,2022-04-21,5096585,4409481336,854.0,872.0,850.0,868.0,12.0,7831
2454,2022-04-22,6109863,5198351912,848.0,857.0,846.0,854.0,-14.0,12225
2454,2022-04-25,6665153,5558320674,833.0,838.0,831.0,837.0,-17.0,12812
2454,2022-04-26,7337645,6094172080,833.0,837.0,825.0,833.0,-4.0,16120
2454,2022-04-27,8869795,7165112326,806.0,816.0,797.0,808.0,-25.0,22977
2454,2022-04-28,13045549,10877852085,835.0,853.0,821.0,828.0,20.0,17016
2454,2022-04-29,6766620,5666868147,850.0,850.0,830.0,830.0,2.0,11125
2454,2022-05-03,8551333,6986257572,830.0,833.0,808.0,820.0,-10.0,15008
2454,2022-05-04,3612614,2996209538,829.0,835.0,825.0,829.0,9.0,5483
2454,2022-05-05,7049410,5942495082,843.0,848.0,837.0,841.0,12.0,7303
2454,2022-05-06,5758127,4732740532,809.0,834.0,808.0,834.0,-7.0,9838
2454,2022-05-09,3222122,2636025658,821.0,827.0,813.0,813.0,-21.0,10985
2454,2022-05-10,6325340,5136326100,801.0,824.0,801.0,820.0,7.0,11252
2454,2022-05-11,3922273,3231229998,814.0,831.0,813.0,829.0,9.0,5409
2454,2022-05-12,4176731,3450498187,828.0,835.0,820.0,820.0,-9.0,7573
2454,2022-05-13,4717939,3957879772,831.0,845.0,828.0,843.0,23.0,8098
2454,2022-05-16,5271200,4426095858,849.0,858.0,825.0,825.0,-18.0,9742
2454,2022-05-17,4072755,3424398030,838.0,847.0,830.0,841.0,16.0,5569
2454,2022-05-18,5519119,4697334265,854.0,855.0,845.0,855.0,14.0,7388
2454,2022-05-19,5322227,4473161556,839.0,847.0,835.0,845.0,-10.0,6957
2454,2022-05-20,3553014,2997531781,841.0,850.0,836.0,846.0,1.0,6740
2454,2022-05-23,3264401,2775119698,854.0,857.0,843.0,843.0,-3.0,5669
2454,2022-05-24,2984755,2499343055,848.0,848.0,830.0,830.0,-13.0,6755
2454,2022-05-25,3361816,2821221160,833.0,848.0,826.0,843.0,13.0,4640
2454,2022-05-26,3510535,2940492421,849.0,849.0,832.0,833.0,-10.0,7479
2454,2022-05-27,3370246,2857928299,842.0,852.0,838.0,851.0,18.0,5581
2454,2022-05-30,5414530,4717690406,865.0,878.0,864.0,878.0,27.0,11313
2454,2022-05-31,10757306,9606861348,876.0,905.0,867.0,905.0,27.0,13412
2454,2022-06-01,5422330,4907376308,903.0,912.0,896.0,905.0,0.0,9874
2454,2022-06-02,3955773,3562860728,899.0,906.0,897.0,898.0,-7.0,6072
2454,2022-06-06,5946507,5367688643,896.0,912.0,890.0,905.0,7.0,8267
2454,2022-06-07,5947743,5324460195,900.0,901.0,890.0,890.0,-15.0,10678
2454,2022-06-08,10728702,9919121129,903.0,933.0,900.0,930.0,40.0,16796
2454,2022-06-09,5984203,5552191495,927.0,935.0,920.0,924.0,-6.0,10133
2454,2022-06-10,5318503,4931943552,915.0,934.0,914.0,930.0,6.0,7921
2454,2022-06-13,9022930,8081190065,902.0,907.0,885.0,887.0,-43.0,20231
2454,2022-06-14,6584136,5750598076,870.0,882.0,866.0,880.0,-7.0,13736
2454,2022-06-15,5067404,4474935208,880.0,893.0,878.0,884.0,4.0,6841
2454,2022-06-16,5021856,4468917292,906.0,908.0,869.0,873.0,-11.0,8871
2454,2022-06-17,13752224,11548911969,847.0,856.0,831.0,831.0,-42.0,27262
2454,2022-06-20,7147473,6012756393,838.0,852.0,832.0,840.0,9.0,8695
2454,2022-06-21,7646638,6568149782,861.0,868.0,847.0,868.0,28.0,8042
2454,2022-06-22,15085390,12425155424,848.0,852.0,805.0,807.0,-61.0,32343
2454,2022-06-23,32333439,22732535908,731.0,740.0,679.0,689.0,0.0,62753
2454,2022-06-24,15415332,10509979531,682.0,696.0,669.0,670.0,-19.0,29549
2454,2022-06-27,13100554,8977848998,685.0,695.0,678.0,678.0,8.0,14594
2454,2022-06-28,16972052,11115478619,670.0,678.0,646.0,651.0,-27.0,28249
2454,2022-06-29,14778786,9747634341,644.0,668.0,640.0,661.0,10.0,16246
2454,2022-06-30,10036830,6557748075,655.0,662.0,647.0,651.0,-10.0,15408
2454,2022-07-01,10444271,6562692799,652.0,655.0,610.0,612.0,-39.0,29811
2454,2022-07-04,9444092,5799381785,609.0,623.0,606.0,611.0,-1.0,11938
2454,2022-07-05,9082053,5555086686,624.0,630.0,597.0,615.0,4.0,15427
2454,2022-07-06,7751766,4726523306,617.0,619.0,603.0,605.0,-10.0,12374
2454,2022-07-07,8855162,5551468106,612.0,638.0,606.0,636.0,31.0,11438
2454,2022-07-08,9192119,5976764826,650.0,657.0,642.0,651.0,15.0,16890
2454,2022-07-11,5167336,3314636508,655.0,656.0,635.0,637.0,-14.0,12095
2454,2022-07-12,7529559,4639207645,628.0,629.0,608.0,614.0,-23.0,10886
2454,2022-07-13,6699944,4287447149,650.0,652.0,631.0,634.0,20.0,11217
2454,2022-07-14,5577460,3590444662,629.0,652.0,625.0,646.0,12.0,8116
2454,2022-07-15,7813312,5052960465,646.0,652.0,638.0,648.0,2.0,13389
2454,2022-07-18,7954940,5280617788,652.0,673.0,650.0,661.0,13.0,9954
2454,2022-07-19,4731512,3132930395,658.0,667.0,655.0,662.0,1.0,11438
2454,2022-07-20,8248076,5595574765,680.0,687.0,667.0,671.0,9.0,10657
2454,2022-07-21,12111113,8488282401,681.0,716.0,678.0,716.0,45.0,17765
2454,2022-07-22,8431314,5978930945,718.0,721.0,701.0,705.0,-11.0,13524
2454,2022-07-25,6110219,4223766558,695.0,698.0,687.0,688.0,-17.0,9838
2454,2022-07-26,5427846,3701689388,679.0,696.0,675.0,681.0,-7.0,8674
2454,2022-07-27,6722762,4488695451,661.0,677.0,660.0,677.0,-4.0,10404
2454,2022-07-28,4804152,3290719574,693.0,693.0,678.0,682.0,5.0,6467
2454,2022-07-29,7074682,4872385537,690.0,702.0,676.0,683.0,1.0,9012
2454,2022-08-01,6498892,4472860515,684.0,696.0,674.0,694.0,11.0,7550
2454,2022-08-02,6232318,4222708403,679.0,690.0,672.0,683.0,-11.0,9906
2454,2022-08-03,3594609,2460950569,685.0,689.0,678.0,686.0,3.0,4366
2454,2022-08-04,3502217,2400403315,689.0,692.0,680.0,684.0,-2.0,4765
2454,2022-08-05,7340789,5219518437,700.0,717.0,698.0,717.0,33.0,12241
2454,2022-08-08,5124852,3649872758,713.0,720.0,706.0,709.0,-8.0,6351
2454,2022-08-09,5387167,3754373108,702.0,706.0,690.0,694.0,-15.0,9829
2454,2022-08-10,6662101,4484571966,677.0,680.0,668.0,668.0,-26.0,17814
2454,2022-08-11,9463374,6325345090,670.0,676.0,663.0,670.0,2.0,14321
2454,2022-08-12,4506950,3060275976,674.0,684.0,670.0,684.0,14.0,6233
2454,2022-08-15,5002381,3506716189,688.0,709.0,686.0,706.0,22.0,8815
2454,2022-08-16,5593958,3974041901,709.0,717.0,705.0,706.0,0.0,7766
2454,2022-08-17,4721071,3320164382,707.0,711.0,699.0,703.0,-3.0,6859
2454,2022-08-18,4254484,2971144776,702.0,705.0,691.0,702.0,-1.0,6460
2454,2022-08-19,4994714,3478798083,701.0,701.0,693.0,693.0,-9.0,7440
2454,2022-08-22,5870198,3973404879,682.0,683.0,672.0,672.0,-21.0,15594
2454,2022-08-23,3574827,2407108308,668.0,679.0,665.0,676.0,4.0,4946
2454,2022-08-24,4170803,2803517395,680.0,683.0,667.0,667.0,-9.0,7093
2454,2022-08-25,3040907,2041802169,670.0,677.0,666.0,670.0,3.0,4646
2454,2022-08-26,3037313,2070387424,679.0,687.0,675.0,678.0,8.0,4711
2454,2022-08-29,4913425,3215400550,657.0,659.0,651.0,653.0,-25.0,13480
2454,2022-08-30,4614677,3015642116,653.0,660.0,648.0,657.0,4.0,7434
2454,2022-08-31,4275779,2838527637,655.0,671.0,652.0,667.0,10.0,4903
2454,2022-09-01,7390933,4814941577,655.0,661.0,643.0,648.0,-19.0,16299
2454,2022-09-02,10901940,6885087505,640.0,645.0,620.0,620.0,-28.0,28323
2454,2022-09-05,5910336,3716454019,616.0,637.0,616.0,631.0,11.0,7528
2454,2022-09-06,4176482,2636271162,633.0,636.0,627.0,629.0,-2.0,5094
2454,2022-09-07,5355654,3307014339,620.0,625.0,609.0,619.0,-10.0,10027
2454,2022-09-08,3442261,2141104520,622.0,626.0,617.0,623.0,4.0,5104
2454,2022-09-12,5127405,3244893742,634.0,642.0,626.0,627.0,4.0,7154
2454,2022-09-13,4689244,2948386712,631.0,636.0,625.0,626.0,-1.0,7183
2454,2022-09-14,6259768,3827891515,603.0,617.0,602.0,615.0,-11.0,10142
2454,2022-09-15,3853962,2373197309,611.0,620.0,611.0,616.0,1.0,6490
2454,2022-09-16,8391808,5065647703,607.0,611.0,600.0,600.0,-16.0,17740
2454,2022-09-19,4322884,2617168057,606.0,611.0,601.0,604.0,4.0,5916
2454,2022-09-20,3254305,1972905814,607.0,611.0,603.0,605.0,1.0,4313
2454,2022-09-21,4364075,2645701239,610.0,610.0,601.0,605.0,0.0,5915
2454,2022-09-22,5723804,3391233925,598.0,600.0,587.0,591.0,-14.0,12780
2454,2022-09-23,4343315,2536553260,591.0,594.0,580.0,580.0,-11.0,12203
2454,2022-09-26,5278826,3010560602,573.0,576.0,564.0,569.0,-11.0,12527
2454,2022-09-27,4472787,2544556730,571.0,574.0,563.0,568.0,-1.0,6226
2454,2022-09-28,7440529,4142357736,572.0,576.0,545.0,545.0,-23.0,14559
2454,2022-09-29,8115892,4468973424,558.0,563.0,540.0,543.0,-2.0,9434
2454,2022-09-30,5860219,3187075770,536.0,554.0,533.0,551.0,8.0,7393
2454,2022-10-03,3271406,1795428707,543.0,556.0,541.0,548.0,-3.0,5224
2454,2022-10-04,4517792,2567702944,564.0,573.0,564.0,573.0,25.0,6655
2454,2022-10-05,9728323,5836284535,596.0,608.0,592.0,599.0,26.0,12235
2454,2022-10-06,7405325,4377251228,603.0,604.0,585.0,587.0,-12.0,8362
2454,2022-10-07,6707924,3825743283,581.0,582.0,564.0,566.0,-21.0,10266
2454,2022-10-11,8122275,4503449251,546.0,565.0,541.0,553.0,-13.0,9540
2454,2022-10-12,6851051,3765707696,557.0,557.0,541.0,549.0,-4.0,7869
2454,2022-10-13,7943988,4333873285,550.0,554.0,538.0,544.0,-5.0,7710
2454,2022-10-14,9366120,5394386932,562.0,588.0,559.0,585.0,41.0,11763
2454,2022-10-17,6597059,3775192174,568.0,580.0,565.0,578.0,-7.0,7788
2454,2022-10-18,6538834,3820470278,593.0,595.0,576.0,588.0,10.0,6624
2454,2022-10-19,5894955,3439414613,585.0,591.0,577.0,577.0,-11.0,6208
2454,2022-10-20,9114239,5158345617,566.0,570.0,558.0,570.0,-7.0,7727
2454,2022-10-21,5295651,3028567765,567.0,579.0,565.0,567.0,-3.0,4976
2454,2022-10-24,6109417,3610058482,587.0,596.0,585.0,588.0,21.0,7129
2454,2022-10-25,6720783,3853493127,591.0,592.0,563.0,563.0,-25.0,10531
2454,2022-10-26,6569981,3773328804,569.0,582.0,565.0,579.0,16.0,6548
2454,2022-10-27,6098740,3582669309,589.0,592.0,583.0,589.0,10.0,5980
2454,2022-10-28,6162964,3517928193,582.0,585.0,564.0,565.0,-24.0,10637
2454,2022-10-31,17458521,10338378870,585.0,604.0,576.0,590.0,25.0,16012
2454,2022-11-01,8454173,5066185885,592.0,604.0,590.0,599.0,9.0,8540
2454,2022-11-02,6841497,4109052853,595.0,607.0,593.0,599.0,0.0,7254
2454,2022-11-03,6419381,3821968691,587.0,602.0,587.0,600.0,1.0,6193
2454,2022-11-04,4423954,2623880755,600.0,600.0,586.0,597.0,-3.0,5275
2454,2022-11-07,8262942,5078432629,608.0,623.0,601.0,620.0,23.0,11008
2454,2022-11-08,7912180,4935202620,632.0,632.0,616.0,620.0,0.0,8359
2454,2022-11-09,12934955,8338402107,628.0,656.0,626.0,650.0,30.0,17037
2454,2022-11-10,7376979,4821749086,648.0,660.0,641.0,660.0,10.0,9603
2454,2022-11-11,17001177,11806758817,698.0,700.0,680.0,700.0,40.0,22148
2454,2022-11-14,9849795,6905143390,705.0,710.0,694.0,697.0,-3.0,11187
2454,2022-11-15,13979872,10096572609,704.0,735.0,700.0,722.0,25.0,18790
2454,2022-11-16,10399350,7582172184,732.0,738.0,719.0,729.0,7.0,14354
2454,2022-11-17,6928331,5027403190,740.0,740.0,716.0,725.0,-4.0,9279
2454,2022-11-18,5558511,4040977105,732.0,742.0,716.0,722.0,-3.0,9509
2454,2022-11-21,4436545,3176325869,716.0,722.0,709.0,720.0,-2.0,6032
2454,2022-11-22,6289730,4468309323,707.0,715.0,703.0,713.0,-7.0,7509
2454,2022-11-23,3202235,2280951283,722.0,722.0,705.0,705.0,-8.0,4506
2454,2022-11-24,7750672,5637591387,715.0,736.0,711.0,728.0,23.0,10547
2454,2022-11-25,5847844,4263799460,729.0,736.0,723.0,727.0,-1.0,6457
2454,2022-11-28,5606289,3978283881,703.0,719.0,703.0,703.0,-24.0,9685
2454,2022-11-29,5160799,3656689639,695.0,718.0,695.0,713.0,10.0,6712
2454,2022-11-30,9728516,7115518294,714.0,738.0,711.0,733.0,20.0,10675
2454,2022-12-01,6932733,5181123495,750.0,756.0,738.0,741.0,8.0,9553
2454,2022-12-02,4119211,3047112302,730.0,748.0,730.0,739.0,-2.0,5244
2454,2022-12-05,4535657,3388070615,739.0,755.0,739.0,739.0,0.0,6450
2454,2022-12-06,5041043,3674154553,739.0,744.0,720.0,725.0,-14.0,7955
2454,2022-12-07,5325977,3830890858,717.0,728.0,713.0,716.0,-9.0,6311
2454,2022-12-08,4204451,2987804378,724.0,725.0,705.0,705.0,-11.0,7685
2454,2022-12-09,4613417,3331419350,714.0,729.0,711.0,729.0,24.0,5915
2454,2022-12-12,5234621,3724605627,715.0,716.0,705.0,712.0,-17.0,7310
2454,2022-12-13,6051369,4324084063,717.0,722.0,708.0,709.0,-3.0,5144
2454,2022-12-14,4980611,3578510558,717.0,724.0,714.0,718.0,9.0,4611
2454,2022-12-15,14093519,9739391587,703.0,706.0,681.0,681.0,-37.0,28944
2454,2022-12-16,13076649,8595271153,653.0,665.0,651.0,660.0,-21.0,22055
2454,2022-12-19,6975640,4578728304,650.0,662.0,650.0,656.0,-4.0,7639
2454,2022-12-20,6420511,4179355420,650.0,660.0,646.0,646.0,-10.0,9498
2454,2022-12-21,6274754,4106021894,649.0,661.0,646.0,654.0,8.0,5411
2454,2022-12-22,4093339,2714084932,665.0,668.0,661.0,661.0,7.0,4587
2454,2022-12-23,2430760,1593195003,651.0,661.0,648.0,660.0,-1.0,4030
2454,2022-12-26,1515532,990014478,661.0,661.0,651.0,651.0,-9.0,3725
2454,2022-12-27,1969029,1296438262,654.0,664.0,653.0,656.0,5.0,3432
2454,2022-12-28,9053565,5733731251,649.0,649.0,621.0,638.0,-18.0,18647
2454,2022-12-29,3690707,2318312241,630.0,631.0,623.0,629.0,-9.0,6059
2454,2022-12-30,2648733,1667920438,635.0,640.0,625.0,625.0,-4.0,3868
2454,2023-01-03,4509288,2862420546,623.0,645.0,621.0,644.0,19.0,5310
2454,2023-01-04,3081086,1968829054,639.0,644.0,635.0,636.0,-8.0,4230
2454,2023-01-05,5429497,3435081194,638.0,641.0,625.0,631.0,-5.0,7914
2454,2023-01-06,7951964,5180362150,634.0,660.0,634.0,660.0,29.0,9860
2454,2023-01-09,7084736,4751028441,671.0,675.0,665.0,675.0,15.0,8817
2454,2023-01-10,8836356,6105714415,684.0,696.0,681.0,694.0,19.0,12069
2454,2023-01-11,7050840,4954597477,700.0,707.0,694.0,707.0,13.0,11082
2454,2023-01-12,6557029,4682287784,710.0,720.0,708.0,715.0,8.0,10182
2454,2023-01-13,7897961,5560195350,722.0,726.0,691.0,694.0,-21.0,11086
2454,2023-01-16,5310041,3750923858,707.0,712.0,701.0,704.0,10.0,7180
2454,2023-01-17,4750714,3313462885,706.0,709.0,693.0,693.0,-11.0,6120
2454,2023-01-30,18980506,13790479800,734.0,739.0,709.0,739.0,46.0,17959
2454,2023-01-31,13095953,9576987866,734.0,752.0,716.0,718.0,-21.0,13372
2454,2023-02-01,5815887,4200815801,724.0,728.0,718.0,724.0,6.0,6472
2454,2023-02-02,11416420,8528075777,747.0,753.0,737.0,747.0,23.0,13378
2454,2023-02-03,6601968,4944315922,742.0,753.0,741.0,751.0,4.0,9821
2454,2023-02-06,7693098,5688901183,745.0,749.0,730.0,731.0,-20.0,11360
2454,2023-02-07,7367549,5311698169,739.0,739.0,716.0,717.0,-14.0,11225
2454,2023-02-08,7991431,5916772668,726.0,747.0,725.0,744.0,27.0,10390
2454,2023-02-09,4016255,2989612567,740.0,749.0,736.0,749.0,5.0,5237
2454,2023-02-10,3235750,2403001389,749.0,749.0,739.0,740.0,-9.0,5088
2454,2023-02-13,4171947,3045507641,735.0,737.0,726.0,731.0,-9.0,6401
2454,2023-02-14,3487039,2564692740,737.0,742.0,731.0,732.0,1.0,4800
2454,2023-02-15,6977304,4988019068,730.0,730.0,708.0,710.0,-22.0,16412
2454,2023-02-16,5178561,3694202826,716.0,718.0,706.0,711.0,1.0,6729
2454,2023-02-17,3610451,2594173860,708.0,723.0,707.0,723.0,12.0,5088
2454,2023-02-20,2619587,1906206540,725.0,732.0,719.0,726.0,3.0,4338
2454,2023-02-21,2746079,1998529680,728.0,734.0,724.0,725.0,-1.0,4237
2454,2023-02-22,4610941,3302548740,718.0,722.0,713.0,713.0,-12.0,7121
2454,2023-02-23,8227452,6079143664,724.0,745.0,722.0,745.0,32.0,11541
2454,2023-02-24,8209174,6028811080,751.0,752.0,723.0,723.0,-22.0,9480
2454,2023-03-01,16624548,12828468206,737.0,795.0,731.0,791.0,68.0,26563
2454,2023-03-02,9729803,7592031747,790.0,790.0,773.0,775.0,-16.0,14995
2454,2023-03-03,6642734,5163568412,778.0,789.0,771.0,775.0,0.0,10379
2454,2023-03-06,7685453,6049105130,785.0,795.0,777.0,784.0,9.0,10868
2454,2023-03-07,5202228,4091966772,789.0,790.0,783.0,788.0,4.0,6190
2454,2023-03-08,8741223,6729680891,782.0,784.0,765.0,768.0,-20.0,17818
2454,2023-03-09,5335712,4110500928,769.0,775.0,767.0,767.0,-1.0,6909
2454,2023-03-10,6008380,4545088178,759.0,761.0,753.0,756.0,-11.0,12293
2454,2023-03-13,5327065,4021022474,756.0,764.0,743.0,764.0,8.0,7981
2454,2023-03-14,6588044,5002423313,749.0,768.0,749.0,761.0,-3.0,7536
2454,2023-03-15,5292738,4047409136,766.0,773.0,757.0,758.0,-3.0,6729
2454,2023-03-16,6000004,4541544083,751.0,765.0,748.0,756.0,-2.0,6801
2454,2023-03-17,6841068,5280283889,770.0,777.0,766.0,773.0,17.0,7653
2454,2023-03-20,5321040,4114477130,773.0,780.0,768.0,770.0,-3.0,6578
2454,2023-03-21,5445430,4185541006,776.0,779.0,763.0,771.0,1.0,6733
2454,2023-03-22,5659553,4417944470,777.0,785.0,776.0,781.0,10.0,7836
2454,2023-03-23,4865131,3834404560,780.0,794.0,778.0,793.0,12.0,7970
2454,2023-03-24,4406461,3479100049,790.0,794.0,785.0,790.0,-3.0,6748
2454,2023-03-27,3071593,2403206571,789.0,790.0,779.0,780.0,-10.0,5435
2454,2023-03-28,4137411,3191025633,775.0,780.0,766.0,766.0,-14.0,9013
2454,2023-03-29,2981780,2296524417,774.0,775.0,765.0,773.0,7.0,4682
2454,2023-03-30,3614487,2815573656,780.0,783.0,775.0,778.0,5.0,4424
2454,2023-03-31,4496209,3534422715,778.0,789.0,778.0,787.0,9.0,5547
2454,2023-04-06,9301246,7072674882,774.0,777.0,751.0,753.0,-34.0,24999
2454,2023-04-07,4618526,3458532925,749.0,752.0,743.0,749.0,-4.0,10303
2454,2023-04-10,5956250,4420784503,748.0,750.0,739.0,742.0,-7.0,13212
2454,2023-04-11,4665168,3511077889,743.0,759.0,743.0,756.0,14.0,7064
2454,2023-04-12,4555491,3441964064,756.0,760.0,752.0,758.0,2.0,5006
2454,2023-04-13,5815842,4381121212,759.0,760.0,749.0,750.0,-8.0,7854
2454,2023-04-14,5990292,4503878440,754.0,758.0,746.0,748.0,-2.0,6423
2454,2023-04-17,14840026,10464098539,705.0,710.0,694.0,709.0,-39.0,34048
2454,2023-04-18,15093599,10480918174,702.0,703.0,685.0,688.0,-21.0,49991
2454,2023-04-19,11632986,7903417920,682.0,685.0,675.0,675.0,-13.0,25595
2454,2023-04-20,10238247,6891358128,661.0,684.0,661.0,673.0,-2.0,19824
2454,2023-04-21,5480008,3676148049,676.0,679.0,665.0,665.0,-8.0,19297
2454,2023-04-24,4802301,3242393639,663.0,681.0,663.0,676.0,11.0,8818
2454,2023-04-25,9007698,5930130933,678.0,678.0,650.0,650.0,-26.0,31984
2454,2023-04-26,7417677,4777149807,641.0,652.0,638.0,649.0,-1.0,16794
2454,2023-04-27,4770671,3152624789,654.0,667.0,653.0,662.0,13.0,9753
2454,2023-04-28,6790242,4529918972,668.0,674.0,663.0,665.0,3.0,10301
2454,2023-05-02,6448130,4302882149,654.0,673.0,654.0,671.0,6.0,9035
2454,2023-05-03,6817126,4611339378,674.0,680.0,668.0,680.0,9.0,8651
2454,2023-05-04,5752312,3851938881,674.0,674.0,666.0,668.0,-12.0,10808
2454,2023-05-05,3271540,2208574724,675.0,678.0,672.0,675.0,7.0,5551
2454,2023-05-08,3131678,2124964499,681.0,684.0,674.0,675.0,0.0,5877
2454,2023-05-09,2224247,1506233758,681.0,681.0,674.0,677.0,2.0,4243
2454,2023-05-10,3945608,2638535063,677.0,677.0,666.0,668.0,-9.0,9567
2454,2023-05-11,3193160,2137741368,666.0,674.0,664.0,668.0,0.0,5049
2454,2023-05-12,5310815,3550676106,673.0,676.0,661.0,673.0,5.0,8930
2454,2023-05-15,3670003,2489853213,676.0,682.0,673.0,680.0,7.0,6123
2454,2023-05-16,3837504,2620878344,688.0,688.0,680.0,680.0,0.0,5960
2454,2023-05-17,8035289,5493373284,680.0,689.0,677.0,685.0,5.0,10159
2454,2023-05-18,4642695,3200338709,690.0,694.0,685.0,689.0,4.0,8361
2454,2023-05-19,5282896,3673257462,691.0,698.0,690.0,698.0,9.0,9546
2454,2023-05-22,4735362,3341857307,702.0,709.0,701.0,705.0,7.0,9084
2454,2023-05-23,5482158,3928976662,710.0,722.0,708.0,716.0,11.0,11233
2454,2023-05-24,5846655,4135802176,713.0,713.0,701.0,711.0,-5.0,9900
2454,2023-05-25,4795371,3412320191,708.0,718.0,706.0,708.0,-3.0,6765
2454,2023-05-26,11322817,8207870188,708.0,737.0,708.0,730.0,22.0,17632
2454,2023-05-29,10781343,8063584735,755.0,758.0,738.0,738.0,8.0,16109
2454,2023-05-30,18933732,14459869753,759.0,773.0,757.0,763.0,25.0,27159
2454,2023-05-31,12616197,9562099509,757.0,767.0,748.0,759.0,-4.0,16745
2454,2023-06-01,6475068,4868929695,755.0,761.0,748.0,748.0,-11.0,12824
2454,2023-06-02,6602831,4982214698,754.0,762.0,750.0,751.0,3.0,9224
2454,2023-06-05,5479487,4171283712,757.0,767.0,757.0,759.0,8.0,7792
2454,2023-06-06,4539092,3442249836,760.0,764.0,752.0,757.0,-2.0,7935
2454,2023-06-07,5460461,4177283567,759.0,769.0,756.0,768.0,11.0,8339
2454,2023-06-08,7438271,5720311094,770.0,775.0,763.0,768.0,0.0,10465
2454,2023-06-09,4669885,3571523667,768.0,770.0,761.0,764.0,-4.0,6631
2454,2023-06-12,3946889,3026933470,769.0,769.0,763.0,767.0,3.0,6807
2454,2023-06-13,7414411,5756670843,770.0,782.0,768.0,779.0,12.0,10937
2454,2023-06-14,5431002,4232561467,781.0,782.0,776.0,780.0,1.0,7425
2454,2023-06-15,8544438,6586645202,777.0,779.0,765.0,766.0,-14.0,16254
2454,2023-06-16,10727794,8094227601,760.0,765.0,751.0,751.0,-15.0,21009
2454,2023-06-19,20318537,15909363580,769.0,793.0,764.0,785.0,34.0,26282
2454,2023-06-20,28362644,20011729130,708.0,725.0,691.0,691.0,0.0,65729
2454,2023-06-21,17552774,12120655715,689.0,696.0,683.0,693.0,2.0,26228
2454,2023-06-26,4807895,3300325080,688.0,690.0,685.0,685.0,-8.0,11779
2454,2023-06-27,4722955,3225501069,680.0,688.0,680.0,681.0,-4.0,9347
2454,2023-06-28,6520526,4516514229,692.0,697.0,685.0,695.0,14.0,7311
2454,2023-06-29,5304709,3709769079,704.0,705.0,695.0,696.0,1.0,8091
2454,2023-06-30,5442323,3747464516,692.0,692.0,686.0,688.0,-8.0,9006
2454,2023-07-03,3088086,2141017531,692.0,698.0,690.0,691.0,3.0,6300
2454,2023-07-04,3880537,2709906033,696.0,702.0,691.0,700.0,9.0,6626
2454,2023-07-05,3803541,2658944163,703.0,703.0,696.0,697.0,-3.0,8183
2454,2023-07-06,4539581,3143104928,692.0,699.0,688.0,690.0,-7.0,10016
2454,2023-07-07,4819527,3290322779,686.0,686.0,680.0,682.0,-8.0,13453
2454,2023-07-10,6111018,4140939458,680.0,686.0,673.0,673.0,-9.0,19401
2454,2023-07-11,3472971,2373320268,682.0,687.0,676.0,686.0,13.0,6472
2454,2023-07-12,4353464,2980969593,689.0,689.0,680.0,685.0,-1.0,7308
2454,2023-07-13,5685109,3901937367,692.0,693.0,680.0,680.0,-5.0,10157
2454,2023-07-14,6182648,4283678268,686.0,698.0,685.0,692.0,12.0,8640
2454,2023-07-17,4524171,3093727632,692.0,692.0,681.0,683.0,-9.0,11559
2454,2023-07-18,4934643,3365994070,680.0,686.0,678.0,683.0,0.0,9675
2454,2023-07-19,6475653,4500608421,690.0,699.0,689.0,696.0,13.0,9525
2454,2023-07-20,2629394,1820754106,697.0,697.0,689.0,692.0,-4.0,7055
2454,2023-07-21,11982886,8058873925,677.0,683.0,652.0,682.0,-10.0,25941
2454,2023-07-24,7662267,5203894459,679.0,690.0,673.0,675.0,-7.0,14516
2454,2023-07-25,7473142,5014321171,675.0,679.0,665.0,665.0,-10.0,23685
2454,2023-07-26,7778681,5120489517,665.0,670.0,654.0,655.0,-10.0,31645
2454,2023-07-27,4857149,3194902005,658.0,661.0,654.0,658.0,3.0,9381
2454,2023-07-28,4310361,2845151777,660.0,666.0,655.0,658.0,0.0,7692
2454,2023-07-31,17202994,11887601735,691.0,698.0,684.0,690.0,32.0,20590
2454,2023-08-01,14701465,10393991697,700.0,715.0,695.0,713.0,23.0,24975
2454,2023-08-02,9248789,6575616534,712.0,720.0,704.0,709.0,-4.0,14747
2454,2023-08-04,7295888,5138768846,710.0,711.0,699.0,706.0,-3.0,9436
2454,2023-08-07,5595685,3951754578,709.0,712.0,703.0,706.0,0.0,5678
2454,2023-08-08,5805650,4031912974,705.0,705.0,690.0,690.0,-16.0,13125
2454,2023-08-09,3247603,2265532667,689.0,702.0,686.0,701.0,11.0,4922
2454,2023-08-10,4448788,3091203399,702.0,703.0,688.0,693.0,-8.0,8514
